<?xml version="1.0" encoding="UTF-8" ?>
<!DOCTYPE struts PUBLIC
        "-//Apache Software Foundation//DTD Struts Configuration 2.0//EN"
        "http://struts.apache.org/dtds/struts-2.0.dtd">

<struts>

    <package name="example1"  extends="struts-default">

        <action name="NavWorld" class="com.naveen.HelloWorld">
            <result>/naveen/HelloWorld.jsp</result>
        </action>
        
        
        <action name="NavLogin" class="com.naveen.LoginValidate">
        	<result>/naveen/Welcome.jsp</result>
        </action>
        
        
    </package>
</struts>
