<?xml version="1.0" encoding="UTF-8" ?>
<!DOCTYPE struts PUBLIC
    "-//Apache Software Foundation//DTD Struts Configuration 2.0//EN"
    "http://struts.apache.org/dtds/struts-2.0.dtd">

<struts>

	<constant name="struts.enable.DynamicMethodInvocation" value="false" />
	<constant name="struts.devMode" value="false" />



	<package name="registration" extends="struts-default">


<global-results>
     <result name="securityerror">/securityerror.jsp</result>
 <result name="error">/error.jsp</result>
</global-results>
 
<global-exception-mappings>
 <exception-mapping 
 exception="com.naveen.validation.SecurityBreachException" 
 result="securityerror" />
 
 
 
  <exception-mapping exception="java.lang.Exception" 
  result="error" />
</global-exception-mappings>

		<action name="register" class="com.naveen.validataion.Register"
			method="execute">
			<result name="input">register.jsp</result>
			<result name="success">/thankyou.jsp</result>
		</action>

		<action name="*" class="example.ExampleSupport">
			<result>/example/{1}.jsp</result>
		</action>

		<action name="index">
			
			<result name="success">index.html</result>
		</action>
	</package>
	<include file="example.xml" />
	<include file="NaveenExample.xml" />
	<!-- Add packages here -->

</struts>
